SUB1,SUB2,USER,TEXT,SENT
actuallesbians,askgaybros,0.323916907,0.927813889,0.477925085
actuallesbians,askmen,0.003757412,0.529140916,0.342999567
actuallesbians,askwomen,0.688783546,0.638594836,0.433346672
actuallesbians,femalefashionadvice,0.66125717,0.598870572,0.422807316
actuallesbians,london,0.157876976,0.470165603,0.305377591
actuallesbians,malefashionadvice,0.050843724,0.450218723,0.307292863
actuallesbians,mensrights,0.143247318,0.66925171,0.392421285
actuallesbians,trollxchromosomes,0.885572883,0.941454387,0.553168039
actuallesbians,xxfitness,0.646685694,0.405878164,0.375018982
askgaybros,askmen,0.437232093,0.567242642,0.644547298
askgaybros,askwomen,0.045529253,0.44581826,0.552817751
askgaybros,femalefashionadvice,0.163445396,0.460579925,0.263488672
askgaybros,london,0.270048305,0.439529713,0.283425674
askgaybros,malefashionadvice,0.367341639,0.390144415,0.264094747
askgaybros,mensrights,0.508084809,0.728581363,0.403425846
askgaybros,trollxchromosomes,0.048430663,0.846588351,0.531963436
askgaybros,xxfitness,0.13758568,0.388399137,0.355865874
askmen,askwomen,0.416849814,0.287414947,0.677179511
askmen,femalefashionadvice,0.067607835,0.259714016,0.274434377
askmen,london,0.071354739,0.287865102,0.280453668
askmen,malefashionadvice,0.070657288,0.28923851,0.245706122
askmen,mensrights,0.328362729,0.402690859,0.30928687
askmen,trollxchromosomes,-0.054902105,0.416155247,0.495167306
askmen,xxfitness,0.071405949,0.27069039,0.37352676
askwomen,femalefashionadvice,0.480908213,0.479805965,0.295103279
askwomen,london,0.064280601,0.290520083,0.306827398
askwomen,malefashionadvice,0.010694015,0.238049034,0.222811439
askwomen,mensrights,0.081141571,0.332996084,0.293142819
askwomen,trollxchromosomes,0.732246966,0.670955717,0.611476832
askwomen,xxfitness,0.436890054,0.319024376,0.368005047
femalefashionadvice,london,0.089254504,0.400418949,0.288639496
femalefashionadvice,malefashionadvice,0.160660394,0.903900236,0.508308204
femalefashionadvice,mensrights,0.0299283,0.235286935,0.20782737
femalefashionadvice,trollxchromosomes,0.74591116,0.621576805,0.373065505
femalefashionadvice,xxfitness,0.773137294,0.460705855,0.41096846
london,malefashionadvice,0.091153017,0.430734897,0.268675635
london,mensrights,0.171273271,0.506001895,0.314248858
london,trollxchromosomes,0.145510317,0.475647583,0.284088341
london,xxfitness,0.112530531,0.28668026,0.21893928
malefashionadvice,mensrights,0.09054756,0.196173406,0.256172315
malefashionadvice,trollxchromosomes,0.040687034,0.413093527,0.252527845
malefashionadvice,xxfitness,0.03520161,0.381214657,0.319987601
mensrights,trollxchromosomes,0.066873272,0.684212054,0.348167686
mensrights,xxfitness,0.062488017,0.207661007,0.253289064
trollxchromosomes,xxfitness,0.607371286,0.47710454,0.442001847